--Customers insertions
INSERT INTO customer (cust_name, cust_lastname, cust_phone, cust_address, cust_email) VALUES
('Emma', 'Durand', '0612457890', '12 Rue des Lilas, Paris', 'emma.durand@example.com'),
('Lucas', 'Martin', '0678124590', '45 Avenue de Lyon, Lyon', 'lucas.martin@example.com'),
('Chloe', 'Bernard', '0654781230', '8 Rue Victor Hugo, Marseille', 'chloe.bernard@example.com'),
('Hugo', 'Petit', '0645127890', '22 Boulevard des Alpes, Grenoble', 'hugo.petit@example.com'),
('Lea', 'Robert', '0698451270', '5 Rue du Port, Nantes', 'lea.robert@example.com'),
('Louis', 'Richard', '0625478910', '14 Rue Lafayette, Lille', 'louis.richard@example.com'),
('Manon', 'Moreau', '0678945120', '33 Rue de la République, Toulouse', 'manon.moreau@example.com'),
('Gabriel', 'Simon', '0632147850', '19 Rue des Fleurs, Nice', 'gabriel.simon@example.com'),
('Sarah', 'Laurent', '0687451290', '7 Rue du Marché, Bordeaux', 'sarah.laurent@example.com'),
('Nathan', 'Michel', '0654127890', '28 Rue des Écoles, Strasbourg', 'nathan.michel@example.com'),
('Camille', 'Garcia', '0678451290', '3 Rue du Soleil, Montpellier', 'camille.garcia@example.com'),
('Jules', 'Fournier', '0612789450', '11 Rue des Jardins, Rennes', 'jules.fournier@example.com'),
('Ines', 'Girard', '0698745120', '6 Rue du Stade, Dijon', 'ines.girard@example.com'),
('Arthur', 'Andre', '0645789120', '17 Rue du Lac, Annecy', 'arthur.andre@example.com'),
('Julie', 'Mercier', '0621458790', '9 Rue des Peupliers, Tours', 'julie.mercier@example.com'),
('Tom', 'Dupuis', '0678941250', '4 Rue du Moulin, Orléans', 'tom.dupuis@example.com'),
('Eva', 'Muller', '0687452109', '21 Rue des Vosges, Metz', 'eva.muller@example.com'),
('Noah', 'Lemoine', '0654782190', '10 Rue du Château, Reims', 'noah.lemoine@example.com'),
('Clara', 'Roux', '0698745210', '2 Rue des Cerisiers, Brest', 'clara.roux@example.com'),
('Mathis', 'Blanc', '0612458790', '13 Rue du Parc, Clermont-Ferrand', 'mathis.blanc@example.com');

--typetransaction insertions
INSERT INTO typetransaction (typtrans_code, trans_lib) VALUES
('CREDIT', 'Credit operation'),
('DEBIT', 'Debit operation'),
('TRANSFER', 'Transfer operation'),
('PAYMENT', 'Card payment');
INSERT INTO typetransaction (typtrans_code, trans_lib) VALUES ('DEPOT', 'Dépôt d’argent');

--account insertions
INSERT INTO account (acc_type, acc_balance, acc_currency, acc_open, acc_close, acc_custid, acc_active) VALUES
('CHECKING', 1520.75, 'EUR', '2022-03-12', NULL, 1, TRUE),
('SAVINGS', 8200.00, 'EUR', '2021-05-10', NULL, 1, TRUE),
('CHECKING', 980.20, 'EUR', '2021-11-05', NULL, 2, TRUE),
('CHECKING', 230.50, 'EUR', '2023-01-22', NULL, 3, TRUE),
('SAVINGS', 4520.00, 'EUR', '2020-06-18', NULL, 3, TRUE),
('CHECKING', 120.00, 'EUR', '2022-02-14', '2024-01-01', 3, FALSE),
('CHECKING', 1890.10, 'EUR', '2022-09-14', NULL, 5, TRUE),
('SAVINGS', 7200.00, 'EUR', '2019-12-01', NULL, 5, TRUE),
('SAVINGS', 5400.00, 'EUR', '2020-03-11', NULL, 6, TRUE),
('CHECKING', 540.00, 'EUR', '2023-02-10', NULL, 7, TRUE),
('CHECKING', 3120.90, 'EUR', '2021-04-27', NULL, 8, TRUE),
('SAVINGS', 9800.00, 'EUR', '2020-10-03', NULL, 8, TRUE),
('SAVINGS', 3500.00, 'EUR', '2021-02-11', NULL, 9, TRUE),
('CHECKING', 410.75, 'EUR', '2023-04-05', NULL, 10, TRUE),
('SAVINGS', 6200.00, 'EUR', '2020-08-21', NULL, 10, TRUE),
('CHECKING', 95.20, 'EUR', '2023-05-12', NULL, 10, TRUE),
('CHECKING', 1340.00, 'EUR', '2021-09-09', NULL, 11, TRUE),
('SAVINGS', 7800.00, 'EUR', '2019-11-17', NULL, 12, TRUE),
('CHECKING', 560.00, 'EUR', '2022-05-25', NULL, 13, TRUE),
('CHECKING', 2100.50, 'EUR', '2021-03-14', NULL, 14, TRUE),
('CHECKING', 890.00, 'EUR', '2022-06-18', NULL, 15, TRUE),
('SAVINGS', 4500.00, 'EUR', '2020-09-09', NULL, 16, TRUE),
('CHECKING', 120.00, 'EUR', '2023-01-01', NULL, 17, TRUE),
('CHECKING', 760.40, 'EUR', '2022-07-19', NULL, 18, TRUE),
('SAVINGS', 3500.00, 'EUR', '2021-02-11', NULL, 19, TRUE),
('CHECKING', 410.75, 'EUR', '2023-04-05', NULL, 20, TRUE),
('CHECKING', 1340.00, 'EUR', '2021-09-09', NULL, 11, TRUE),  
('SAVINGS', 7800.00, 'EUR', '2019-11-17', NULL, 12, TRUE),  
('CHECKING', 560.00, 'EUR', '2022-05-25', NULL, 13, TRUE),   
('CHECKING', 2100.50, 'EUR', '2021-03-14', NULL, 14, TRUE),  
('CHECKING', 890.00, 'EUR', '2022-06-18', NULL, 15, TRUE),   
('SAVINGS', 4500.00, 'EUR', '2020-09-09', NULL, 16, TRUE),   
('CHECKING', 120.00, 'EUR', '2023-01-01', NULL, 17, TRUE),   
('CHECKING', 760.40, 'EUR', '2022-07-19', NULL, 18, TRUE),   
('SAVINGS', 3500.00, 'EUR', '2021-02-11', NULL, 19, TRUE),   
('CHECKING', 410.75, 'EUR', '2023-04-05', NULL, 20, TRUE),   
('CHECKING', 500.00, 'EUR', '2022-01-10', NULL, 11, TRUE),   
('SAVINGS', 9000.00, 'EUR', '2020-03-15', NULL, 12, TRUE),   
('CHECKING', 250.00, 'EUR', '2023-02-20', NULL, 13, TRUE),   
('CHECKING', 1800.00, 'EUR', '2021-06-11', NULL, 14, TRUE),  
('SAVINGS', 7200.00, 'EUR', '2019-10-01', NULL, 15, TRUE);   



--bankcard insertions
INSERT INTO bankcard (cb_active, cb_num, cb_dateexp, cb_withdrawal_limit, cb_payment_limit, cb_accid) VALUES
(TRUE, '4976123400010001', '2027-04-01', 500, 2000, 1),
(TRUE, '4976123400010002', '2026-11-01', 300, 1500, 2),
(TRUE, '4976123400010003', '2028-02-01', 400, 1800, 3),
(TRUE, '4976123400010004', '2027-09-01', 500, 2500, 4),
(TRUE, '4976123400010005', '2026-05-01', 600, 3000, 5),
(TRUE, '4976123400010006', '2028-01-01', 500, 2000, 6),
(TRUE, '4976123400010007', '2027-03-01', 400, 1500, 7),
(TRUE, '4976123400010008', '2029-07-01', 500, 2500, 8),
(TRUE, '4976123400010009', '2026-12-01', 300, 1200, 9),
(TRUE, '4976123400010010', '2027-08-01', 500, 2000, 10),
(TRUE, '4976123400010011', '2028-10-01', 600, 3000, 11),
(TRUE, '4976123400010012', '2027-01-01', 400, 1800, 12),
(TRUE, '4976123400010013', '2029-03-01', 500, 2500, 13),
(TRUE, '4976123400010014', '2026-09-01', 300, 1500, 14),
(TRUE, '4976123400010015', '2028-06-01', 500, 2000, 15),
(TRUE, '4976123400010016', '2027-11-01', 400, 1800, 16),
(TRUE, '4976123400010017', '2029-01-01', 600, 3000, 17),
(TRUE, '4976123400010018', '2028-04-01', 500, 2500, 18),
(TRUE, '4976123400010019', '2027-02-01', 300, 1500, 19),
(TRUE, '4976123400010020', '2029-05-01', 500, 2000, 20);


--transaction insertions
INSERT INTO transaction (trans_amount, trans_destaccid, trans_sourceaccid, trans_typtranscode) VALUES
(200.00, 1, NULL, 'CREDIT'),
(50.00, NULL, 1, 'DEBIT'),
(120.00, NULL, 2, 'DEBIT'),
(300.00, 3, NULL, 'CREDIT'),
(80.00, NULL, 3, 'DEBIT'),
(150.00, NULL, 4, 'DEBIT'),
(500.00, 5, NULL, 'CREDIT'),
(60.00, NULL, 5, 'DEBIT'),
(90.00, NULL, 6, 'DEBIT'),
(1000.00, 7, NULL, 'CREDIT'),
(40.00, NULL, 7, 'DEBIT'),
(75.00, NULL, 8, 'DEBIT'),
(200.00, 9, NULL, 'CREDIT'),
(30.00, NULL, 9, 'DEBIT'),
(400.00, 10, NULL, 'CREDIT'),
(120.00, NULL, 10, 'DEBIT'),
(250.00, 11, NULL, 'CREDIT'),
(60.00, NULL, 11, 'DEBIT'),
(500.00, 12, NULL, 'CREDIT'),
(90.00, NULL, 12, 'DEBIT'),
(300.00, 13, NULL, 'CREDIT'),
(45.00, NULL, 13, 'DEBIT'),
(200.00, 14, NULL, 'CREDIT'),
(80.00, NULL, 14, 'DEBIT'),
(150.00, 15, NULL, 'CREDIT'),
(60.00, NULL, 15, 'DEBIT'),
(700.00, 16, NULL, 'CREDIT'),
(100.00, NULL, 16, 'DEBIT'),
(900.00, 17, NULL, 'CREDIT'),
(120.00, NULL, 17, 'DEBIT'),
(300.00, 18, NULL, 'CREDIT'),
(70.00, NULL, 18, 'DEBIT'),
(400.00, 19, NULL, 'CREDIT'),
(90.00, NULL, 19, 'DEBIT'),
(600.00, 20, NULL, 'CREDIT'),
(110.00, NULL, 20, 'DEBIT'),
(200.00, 21, NULL, 'CREDIT'),
(50.00, NULL, 21, 'DEBIT'),
(300.00, 22, NULL, 'CREDIT'),
(80.00, NULL, 22, 'DEBIT'),
(500.00, 23, NULL, 'CREDIT'),
(100.00, NULL, 23, 'DEBIT'),
(700.00, 24, NULL, 'CREDIT'),
(120.00, NULL, 24, 'DEBIT'),
(900.00, 25, NULL, 'CREDIT'),
(150.00, NULL, 25, 'DEBIT'),
(1000.00, 26, NULL, 'CREDIT'),
(200.00, NULL, 26, 'DEBIT'),
(300.00, 27, NULL, 'CREDIT'),
(70.00, NULL, 27, 'DEBIT');


--Transaction for banktransfert 
INSERT INTO transaction (trans_id, trans_date, trans_amount, trans_destaccid, trans_sourceaccid, trans_typtranscode) VALUES
(101, NOW(), 150.00, 2, 1, 'DEBIT'),
(102, NOW(), 150.00, 2, 1, 'CREDIT'),
(103, NOW(), 200.00, 4, 3, 'DEBIT'),
(104, NOW(), 200.00, 4, 3, 'CREDIT'),
(105, NOW(), 300.00, 6, 5, 'DEBIT'),
(106, NOW(), 300.00, 6, 5, 'CREDIT'),
(107, NOW(), 120.00, 8, 7, 'DEBIT'),
(108, NOW(), 120.00, 8, 7, 'CREDIT'),
(109, NOW(), 500.00, 10, 9, 'DEBIT'),
(110, NOW(), 500.00, 10, 9, 'CREDIT'),
(111, NOW(), 220.00, 12, 11, 'DEBIT'),
(112, NOW(), 220.00, 12, 11, 'CREDIT'),
(113, NOW(), 350.00, 14, 13, 'DEBIT'),
(114, NOW(), 350.00, 14, 13, 'CREDIT'),
(115, NOW(), 400.00, 16, 15, 'DEBIT'),
(116, NOW(), 400.00, 16, 15, 'CREDIT'),
(117, NOW(), 250.00, 18, 17, 'DEBIT'),
(118, NOW(), 250.00, 18, 17, 'CREDIT'),
(119, NOW(), 600.00, 20, 19, 'DEBIT'),
(120, NOW(), 600.00, 20, 19, 'CREDIT');


-- Transactions CB insertions
INSERT INTO transaction (trans_id, trans_date, trans_amount, trans_destaccid, trans_sourceaccid, trans_typtranscode) VALUES
(121, NOW(), 45.00, NULL, 1, 'DEBIT'),
(122, NOW(), 19.90, NULL, 2, 'DEBIT'),
(123, NOW(), 120.00, NULL, 3, 'DEBIT'),
(124, NOW(), 15.50, NULL, 4, 'DEBIT'),
(125, NOW(), 80.00, NULL, 5, 'DEBIT'),
(126, NOW(), 60.00, NULL, 6, 'DEBIT'),
(127, NOW(), 22.00, NULL, 7, 'DEBIT'),
(128, NOW(), 150.00, NULL, 8, 'DEBIT'),
(129, NOW(), 9.90, NULL, 9, 'DEBIT'),
(130, NOW(), 200.00, NULL, 10, 'DEBIT'),
(131, NOW(), 35.00, NULL, 11, 'DEBIT'),
(132, NOW(), 12.00, NULL, 12, 'DEBIT'),
(133, NOW(), 90.00, NULL, 13, 'DEBIT'),
(134, NOW(), 45.00, NULL, 14, 'DEBIT'),
(135, NOW(), 75.00, NULL, 15, 'DEBIT'),
(136, NOW(), 18.00, NULL, 16, 'DEBIT'),
(137, NOW(), 130.00, NULL, 17, 'DEBIT'),
(138, NOW(), 55.00, NULL, 18, 'DEBIT'),
(139, NOW(), 22.00, NULL, 19, 'DEBIT'),
(140, NOW(), 300.00, NULL, 20, 'DEBIT');


INSERT INTO transaction (trans_sourceaccid, trans_destaccid, trans_amount, trans_date, trans_typtranscode) VALUES
(NULL, 1, 400.00, '2026-01-02', 'DEPOT'),
(NULL, 2, 350.00, '2026-01-02', 'CREDIT'),
(NULL, 3, 500.00, '2026-01-03', 'DEPOT'),
(NULL, 4, 280.00, '2026-01-03', 'DEPOT'),
(NULL, 5, 600.00, '2026-01-04', 'CREDIT'),
(NULL, 1, 320.00, '2026-01-04', 'DEPOT'),
(NULL, 2, 450.00, '2026-01-05', 'DEPOT'),
(NULL, 3, 390.00, '2026-01-05', 'DEPOT'),
(NULL, 4, 520.00, '2026-01-06', 'CREDIT'),
(NULL, 5, 300.00, '2026-01-06', 'DEPOT'),
(NULL, 1, 480.00, '2026-01-07', 'DEPOT'),
(NULL, 2, 260.00, '2026-01-07', 'DEPOT'),
(NULL, 3, 540.00, '2026-01-08', 'CREDIT'),
(NULL, 4, 310.00, '2026-01-08', 'DEPOT'),
(NULL, 5, 420.00, '2026-01-09', 'DEPOT'),
(NULL, 1, 390.00, '2026-01-09', 'DEPOT'),
(NULL, 2, 500.00, '2026-01-10', 'CREDIT'),
(NULL, 3, 280.00, '2026-01-10', 'DEPOT'),
(NULL, 4, 300.00, '2026-01-11', 'DEPOT'),
(NULL, 5, 650.00, '2026-01-11', 'CREDIT'),
(NULL, 1, 700.00, '2026-01-12', 'DEPOT'),
(NULL, 2, 720.00, '2026-01-12', 'DEPOT'),
(NULL, 3, 540.00, '2026-01-13', 'CREDIT'),
(NULL, 4, 310.00, '2026-01-13', 'DEPOT'),
(NULL, 5, 430.00, '2026-01-14', 'DEPOT'),
(NULL, 1, 390.00, '2026-01-14', 'DEPOT'),
(NULL, 2, 610.00, '2026-01-15', 'CREDIT'),
(NULL, 3, 500.00, '2026-01-15', 'DEPOT');



--banktransfert insertions
INSERT INTO banktransfert (bt_lib, bt_transiddebit, bt_transidcredit) VALUES
('Virement 1', 101, 102),
('Virement 2', 103, 104),
('Virement 3', 105, 106),
('Virement 4', 107, 108),
('Virement 5', 109, 110),
('Virement 6', 111, 112),
('Virement 7', 113, 114),
('Virement 8', 115, 116),
('Virement 9', 117, 118),
('Virement 10', 119, 120);


--payment_cb insertions
INSERT INTO payment_cb (pcb_cbid, pcb_amount, pcb_lib, pcb_transid) VALUES
(1, 45.00, 'Supermarché Carrefour', 121),
(2, 19.90, 'Boulangerie', 122),
(3, 120.00, 'Amazon', 123),
(4, 15.50, 'McDonalds', 124),
(5, 80.00, 'Essence Total', 125),
(6, 60.00, 'Fnac', 126),
(7, 22.00, 'Pharmacie', 127),
(8, 150.00, 'IKEA', 128),
(9, 9.90, 'Café', 129),
(10, 200.00, 'Décathlon', 130),
(11, 35.00, 'Parking', 131),
(12, 12.00, 'Boulangerie', 132),
(13, 90.00, 'Zara', 133),
(14, 45.00, 'Uber Eats', 134),
(15, 75.00, 'Carrefour', 135),
(16, 18.00, 'Cinéma', 136),
(17, 130.00, 'Castorama', 137),
(18, 55.00, 'Burger King', 138),
(19, 22.00, 'Pharmacie', 139),
(20, 300.00, 'Apple Store', 140);


--beneficiary insertions
INSERT INTO beneficiary (benef_accid, benef_name, benef_custid) VALUES
(2, 'Compte Épargne Emma', 1),
(3, 'Compte Lucas', 1),
(5, 'Compte Manon', 2),
(7, 'Compte Gabriel', 3),
(8, 'Compte Sarah', 3),
(10, 'Compte Nathan', 4),
(12, 'Compte Camille', 5),
(14, 'Compte Jules', 6),
(16, 'Compte Ines', 7),
(18, 'Compte Arthur', 8),
(20, 'Compte Julie', 9),
(22, 'Compte Tom', 10),
(24, 'Compte Eva', 11),
(26, 'Compte Noah', 12),
(28, 'Compte Clara', 13),
(30, 'Compte Mathis', 14),
(32, 'Compte Client 15', 15),
(34, 'Compte Client 16', 16),
(35, 'Compte Client 17', 17),
(1, 'Compte Emma', 20);



-- Auditlog insertions
INSERT INTO auditlog (log_type, log_table, log_cibleid, log_custid, log_detail) VALUES
('LOGIN', 'customer', 1, 1, 'Connexion réussie'),
('UPDATE', 'account', 1, 1, 'Modification du solde'),
('TRANSFER', 'banktransfert', 1, 1, 'Virement effectué'),
('PAYMENT', 'payment_cb', 1, 1, 'Paiement CB'),
('LOGIN', 'customer', 2, 2, 'Connexion réussie'),
('INSERT', 'transaction', 5, 2, 'Ajout transaction'),
('DELETE', 'bankcard', 3, 3, 'Carte supprimée'),
('UPDATE', 'customer', 4, 4, 'Changement d’adresse'),
('LOGIN', 'customer', 5, 5, 'Connexion réussie'),
('TRANSFER', 'banktransfert', 2, 5, 'Virement effectué'),
('PAYMENT', 'payment_cb', 3, 6, 'Paiement CB'),
('LOGIN', 'customer', 7, 7, 'Connexion réussie'),
('UPDATE', 'account', 8, 7, 'Modification du solde'),
('INSERT', 'beneficiary', 1, 8, 'Ajout bénéficiaire'),
('LOGIN', 'customer', 9, 9, 'Connexion réussie'),
('TRANSFER', 'banktransfert', 3, 9, 'Virement effectué'),
('PAYMENT', 'payment_cb', 4, 10, 'Paiement CB'),
('LOGIN', 'customer', 11, 11, 'Connexion réussie'),
('UPDATE', 'account', 12, 11, 'Modification du solde'),
('INSERT', 'transaction', 13, 12, 'Ajout transaction'),
('LOGIN', 'customer', 13, 13, 'Connexion réussie'),
('TRANSFER', 'banktransfert', 4, 13, 'Virement effectué'),
('PAYMENT', 'payment_cb', 5, 14, 'Paiement CB'),
('LOGIN', 'customer', 15, 15, 'Connexion réussie'),
('UPDATE', 'account', 16, 15, 'Modification du solde'),
('INSERT', 'beneficiary', 2, 16, 'Ajout bénéficiaire'),
('LOGIN', 'customer', 17, 17, 'Connexion réussie'),
('TRANSFER', 'banktransfert', 5, 17, 'Virement effectué'),
('PAYMENT', 'payment_cb', 6, 18, 'Paiement CB'),
('LOGIN', 'customer', 19, 19, 'Connexion réussie');


--suspect_transaction insertions

INSERT INTO suspicious_transaction (st_transid, st_custid, st_reason, st_risk_level) VALUES
(60, 5, 'Crédit inhabituel de 1000 EUR sur le compte du client 5', 'HIGH'),
(97, 20, 'Crédit inhabituel de 1000 EUR sur le compte du client 20', 'HIGH'),
(79, 17, 'Crédit élevé de 900 EUR sur le compte du client 11', 'MEDIUM'),
(95, 19, 'Crédit élevé de 900 EUR sur le compte du client 19', 'MEDIUM'),
(93, 18, 'Crédit élevé de 700 EUR sur le compte du client 18', 'LOW'),
(77, 10, 'Crédit élevé de 700 EUR sur le compte du client 10', 'LOW');

